Timestamp,Keyword,Platform,Summary,Number_of_Mentions,Positive,Negative,Neutral
2025-01-31 16:56:06,Machine Learning,GoogleSearch,"The keyword ""Machine Learning"" is consistently associated with its role as a subset of artificial intelligence (AI) that enables computers to learn from data and make predictions. It is built on the foundations of statistics and mathematical optimization, and is closely related to data mining. Various resources, such as Google's Machine Learning Crash Course and AWS's comprehensive ML services, provide practical introductions and tools for implementing machine learning at scale. The field encompasses techniques like supervised learning, including regression and classification, and is crucial for automating analytical model building. Overall, machine learning is portrayed as a dynamic and essential area of AI research and application, with significant contributions from institutions like IBM, MIT, and Carnegie Mellon University.",10,1 (10.0%),0 (0.0%),9 (90.0%)
2025-01-31 16:56:06,Machine Learning,YouTube,"The keyword ""Machine Learning"" is explored through various educational resources and guides aimed at different audiences, from beginners to advanced learners. The main themes include introductory explanations of machine learning concepts, roadmaps for learning, and distinctions between machine learning and artificial intelligence. Sentiments are generally positive, emphasizing accessibility and structured learning paths. Resources range from quick overviews, such as ""Machine Learning Explained in 100 Seconds,"" to comprehensive courses like ""Machine Learning for Everybody."" There is also content available in different languages, indicating a global interest in the subject. Overall, the focus is on demystifying machine learning and providing clear, concise educational content.",10,0 (0.0%),0 (0.0%),10 (100.0%)
2025-01-31 16:56:06,Machine Learning,StackExchange,"The mentions of ""machine learning"" cover a range of applications and technical challenges. Key themes include the integration and deployment of machine learning models, such as importing models into Xcode and deploying them in Azure AI Machine Learning Studio. There is also a focus on using machine learning frameworks for specific applications like reservoir simulation and voice identification systems. Technical issues like overfitting, batch size effects on computation time, and managing compute resources in Azure are discussed. Additionally, there are practical concerns about logging and triggering processes across different platforms, such as using Azure Machine Learning Studio with Databricks. Overall, the sentiment is centered on problem-solving and optimizing machine learning workflows.",10,0 (0.0%),0 (0.0%),10 (100.0%)
2025-01-31 17:00:26,Ubuntu,GoogleSearch,"The keyword ""Ubuntu"" is primarily associated with a modern, open-source operating system based on Linux, designed for enterprise servers, desktops, cloud, and IoT applications. It is derived from Debian and is composed mostly of free and open-source software, available in multiple editions. Ubuntu is praised for its security, high performance, and versatility across various hardware platforms, including desktops, servers, and IoT devices. It is also highlighted for its community-driven development and support, welcoming both volunteer contributors and Canonical employees. Additionally, ""Ubuntu"" refers to a philosophy of interconnectedness and community, originating from African value systems, and is also the name of a lifestyle brand in Kenya focused on empowerment and global connection.",10,4 (40.0%),0 (0.0%),6 (60.0%)
2025-01-31 17:00:26,Ubuntu,YouTube,"The mentions of ""Ubuntu"" highlight its enduring popularity and versatility as a Linux distribution. Ubuntu 24.04 LTS, dubbed ""Noble Numbat,"" is celebrated for its new features and ease of installation, reinforcing its status as a leading Linux distro in 2024. The sentiment is positive, emphasizing Ubuntu's continued relevance and superiority in the Linux community. There are guides on customizing Ubuntu to resemble Mac OS Ventura and installing Ubuntu Touch on phones, showcasing its adaptability. Comparisons with other distros like Linux Mint suggest a competitive landscape, yet Ubuntu remains a preferred choice. The historical context of Ubuntu's impact on commercial desktop distros underscores its significant role in making Linux accessible to a broader audience.",10,0 (0.0%),0 (0.0%),10 (100.0%)
2025-01-31 17:00:26,Ubuntu,StackExchange,"The keyword ""Ubuntu"" is frequently mentioned in various technical issues and inquiries. The main themes revolve around compatibility and performance challenges when using Ubuntu, particularly with software and hardware integration. Users report difficulties with rendering HTML, CUDA and CuDNN installations, and running .NET6 applications. There are also concerns about system performance despite low resource usage, and issues with setting up specific software like NVIDIA Digital Human and PostGIS extensions. Additionally, there are questions about configuring PHP, installing Qt6, and running machine learning models on virtual machines. The overall sentiment suggests frustration and a need for troubleshooting and guidance in resolving these Ubuntu-related technical problems.",10,0 (0.0%),0 (0.0%),10 (100.0%)
2025-01-31 19:06:38,iPhone,GoogleSearch,"The keyword ""iPhone"" is predominantly associated with Apple's line of smartphones, highlighting its evolution, features, and user community. The iPhone 16 series, including models like the iPhone 16 Pro and iPhone 16 Plus, is frequently mentioned, emphasizing Apple's continuous innovation and the integration of advanced technologies such as the A18 Pro chipset and Apple Intelligence. The sentiment around iPhones is generally positive, focusing on their cutting-edge design, powerful performance, and the comprehensive Apple ecosystem. Discussions also cover practical aspects like repair services, software updates, and user support, reflecting a strong community engagement. Additionally, the iPhone's role in photography, gaming, and professional use is noted, showcasing its versatility and appeal across different user demographics. The iPhone's market presence is reinforced by various sales channels and trade-in offers, indicating its widespread popularity and consumer demand.",100,25 (25.0%),3 (3.0%),72 (72.0%)
2025-01-31 19:06:38,iPhone,YouTube,"The mentions of ""iPhone"" highlight a mix of comparisons, unboxings, and reviews of various iPhone models. The iPhone 16 is noted for its advancements over the iPhone 6, emphasizing improvements in display, camera, and battery life. There is interest in both new and older models, with videos exploring the usability of the iPhone 5 in 2024 and unboxings of the iPhone 15 Pro Max. The iPhone SE 4 is praised as the best budget option, while the iPhone 11 is promoted for its affordability. Additionally, there are discussions on fake iPhones and nostalgic comparisons between iOS 6 and iOS 7. Overall, the sentiment is a mix of excitement for new features and nostalgia for older models.",10,3 (30.0%),0 (0.0%),7 (70.0%)
2025-01-31 19:06:38,iPhone,StackExchange,"The mentions of ""iPhone"" highlight various technical challenges and inquiries related to iPhone functionality and development. Key themes include issues with specific features not working as expected, such as iframe resizing on Safari, draggable widgets in Flutter, and video autoplay. There are also questions about customizing user interactions, like forcing a double swipe to access the home screen and turning off camera filters. Additionally, there are technical difficulties in app development, such as building applications for simulators and handling 3D models in ARKit. The sentiments reflect a need for troubleshooting and seeking solutions to enhance user experience and app performance on iPhones.",10,0 (0.0%),0 (0.0%),10 (100.0%)
2025-01-31 19:27:04,CRO,GoogleSearch,"The keyword ""CRO"" is associated with several distinct themes. Firstly, it refers to the Companies Registration Office in Ireland, which serves as a central repository for public statutory information on companies and business names. Secondly, ""CRO"" is linked to the music industry, specifically an artist with a significant following on Instagram and Spotify. Thirdly, in the financial sector, ""CRO"" is the ticker for Cronos, a cryptocurrency with fluctuating market prices and trading volumes. Lastly, ""CRO"" is commonly used to denote Contract Research Organizations, which are pivotal in the pharmaceutical and biotech industries, providing clinical trial and research services. The sentiment across these mentions varies from informative and professional in the context of business and research organizations to dynamic and engaging in the music and cryptocurrency sectors.",10,0 (0.0%),1 (10.0%),9 (90.0%)
2025-01-31 19:27:04,CRO,YouTube,"The keyword ""CRO"" appears in two distinct contexts: music and cryptocurrency. In music, ""CRO"" refers to artists and their works, such as Polimá Westcoast, C.R.O, and the German rapper CRO, with mentions of official music videos, albums, and live shows. The sentiment is promotional, focusing on new releases and performances. In cryptocurrency, ""CRO"" refers to the Crypto.com coin, with discussions about new exchange listings, price predictions, and investment advice. The sentiment here is speculative and informative, aimed at potential investors and current holders of the coin. Both contexts highlight a focus on growth and engagement, whether through artistic expression or financial opportunity.",10,0 (0.0%),0 (0.0%),10 (100.0%)
2025-01-31 19:27:04,CRO,StackExchange,"The mentions of the keyword ""Cro"" primarily revolve around technical challenges and solutions related to the Raku Cro web framework. Key themes include installation and debugging issues, such as using Dockerfiles and the zef package manager, and difficulties with running commands like ""cro stub."" There are also inquiries about specific functionalities, such as overriding default content types, consuming request bodies multiple times, and adding file extensions to static routes. Additionally, there are concerns about performance, such as memory usage during the request/response cycle, and security, particularly with websockets. Overall, the sentiments reflect a mix of troubleshooting and seeking best practices for effectively using the Cro framework.",10,0 (0.0%),0 (0.0%),10 (100.0%)
